{"assets/images/bottom-img-withoutLetters.png":["assets/images/bottom-img-withoutLetters.png"],"assets/images/loadingLogo.png":["assets/images/loadingLogo.png"],"assets/images/profit.png":["assets/images/profit.png"],"assets/images/revenue.png":["assets/images/revenue.png"],"assets/images/shopping-cart.jpeg":["assets/images/shopping-cart.jpeg"],"assets/images/slider1.jpg":["assets/images/slider1.jpg"],"assets/images/slider2.jpg":["assets/images/slider2.jpg"],"assets/images/slider3.jpg":["assets/images/slider3.jpg"],"assets/images/user-avatar2.png":["assets/images/user-avatar2.png"],"assets/images/user.png":["assets/images/user.png"],"assets/images/uxlogo.svg":["assets/images/uxlogo.svg"],"assets/images/xochicalco.png":["assets/images/xochicalco.png"],"packages/cupertino_icons/assets/CupertinoIcons.ttf":["packages/cupertino_icons/assets/CupertinoIcons.ttf"],"packages/font_awesome_flutter/lib/fonts/fa-brands-400.ttf":["packages/font_awesome_flutter/lib/fonts/fa-brands-400.ttf"],"packages/font_awesome_flutter/lib/fonts/fa-regular-400.ttf":["packages/font_awesome_flutter/lib/fonts/fa-regular-400.ttf"],"packages/font_awesome_flutter/lib/fonts/fa-solid-900.ttf":["packages/font_awesome_flutter/lib/fonts/fa-solid-900.ttf"]}